ID;Name;Price tax included;Categories (x,y,z...);Image URLs (x,y,z...);Description;Quantity;Feature (Name:Value:Position:Customized);
0; LAMPA WISZĄCA LOFT MOSIĘŻNA SANTINI W7 ;1799;ŻYRANDOLE/ŻYRANDOLE NOWOCZESNE,Home;https://luminadeco.pl/6452/lampa-wiszaca-loft-mosiezna-santini-w7.jpg;Seria SANTINI fascynuje minimalistyczną architektoniką projektów oraz połączeniem szkła i mosiądzu, które modnie wpisuje się w klimatycznie urządzone wnętrza. Nieco starodawny zarys metalowej oprawy, składający się z prostych form – obręczy, rurek i klasycznego łańcucha, doskonale komponuje się ze szklanymi kloszami w kształcie tub. Wytworności całej konstrukcji nadaje subtelne światło dobiegające z aż siedmiu punktów światła, które dowolnie doświetlą pomieszczenie za sprawą regulacji wysokości lampy.;903;Kolor lampy:mosiądz:1:2,Materiał lampy:metal + szkło:1:2,Kolor kabla/łańcucha:metal + szkło:1:2
1; NOWOCZESNA LAMPA WISZĄCA CHROMOWANA MANHATTAN PRO ;2699;ŻYRANDOLE/ŻYRANDOLE NOWOCZESNE,Home;https://luminadeco.pl/6942/nowoczesna-lampa-wiszaca-chromowana-manhattan-pro.jpg;W kolekcji MANHATTAN PRO zachwyca okazałość brył i neutralna kolorystyka, która w połączeniu z eleganckimi detalami tworzy oświetlenie klasyczne z nutą nowatorstwa. Metalowa konstrukcja w kolorze chromu składa się z prostokątnej, płaskiej podsufitki, z której wychodzą trzy cienkie rurki podtrzymujące pozostałą część lampy. Dół oświetlenia, będący swoistym splotem prostokątnych ram, jest jednocześnie miejscem, w którym na szklanych podstawach umieszczone zostały białe, szklane klosze w kształcie tub o podwójnych ściankach.;530;Kolor lampy:chrom:1:2,Materiał lampy:metal + szkło:1:2,Kolor kabla/łańcucha:metal + szkło:1:2
2; LAMPA WISZĄCA LOFT CZARNO-MOSIĘŻNA BERGEN W6 ;1599;ŻYRANDOLE/ŻYRANDOLE NOWOCZESNE,Home;https://luminadeco.pl/7915/lampa-wiszaca-loft-czarno-mosiezna-bergen-w6.jpg;Inspirująca i niezwykła pod względem pomysłowości i zastosowanych kształtów kolekcja BERGEN koncentruje się na użytecznym wykorzystaniu swoich atutów, jak również zachwyceniu odbiorcy oryginalną, lecz nieprzesadzoną ozdobnością metalowej bryły. Forma kuli powstała z połączenia czarnych, płaskich elementów o nietypowych zgięciach i kształtach, dzięki czemu efekt końcowy jest spektakularny i niespotykany. Elementy bryły zewnętrznej są jednocześnie bazą pod ramiona dla sześciu szklanych kloszy, które umieszczono wokół mosiężnego rdzenia znajdującego się pośrodku lampy wiszącej. Mosiężne są także klasyczny łańcuch oraz podsufitka, które są nie tylko elementami niezbędnymi do zamontowania lampy, ale też jej industrialną dekoracją. Pomimo licznych punktów świetlnych lampa oddaje ciepłe, przyjemne światło, które przenika przez podwójne ścianki kloszy – przezroczystą oraz matową ich warstwę wewnętrzną.;349;Kolor lampy:mosiądz + czarny:1:2,Materiał lampy:metal + szkło:1:2,Kolor kabla/łańcucha:metal + szkło:1:2
3; LAMPA WISZĄCA LOFT MOSIĘŻNA SANTINI W4 ;1299;ŻYRANDOLE/ŻYRANDOLE NOWOCZESNE,Home;https://luminadeco.pl/6892/lampa-wiszaca-loft-mosiezna-santini-w4.jpg;W kolekcji SANTINI olśniewa przede wszystkim bryła lampy wiszącej, składającej się z dwóch metalowych obręczy w kolorze mosiądzu, na których umieszczono oprawy trzech punktów światła, zaś wszystko połączone jest ze sobą metalowymi, zdobionymi rurkami. Szklane, przezroczyste klosze nadają lampie wiszącej lekkości oraz minimalistycznego charakteru, który jest typowy dla architektury industrialnych wnętrz. Na spodzie lampy można dostrzec element dekoracyjny w postaci mosiężnej, prostej końcówki, która zwieńcza całość konstrukcji.;715;Kolor lampy:mosiądz:1:2,Materiał lampy:metal + szkło:1:2,Kolor kabla/łańcucha:metal + szkło:1:2
4; LAMPA SUFITOWA ART DECO MOSIĘŻNA ELMONT W3 ;999;ŻYRANDOLE/ŻYRANDOLE NOWOCZESNE,Home;https://luminadeco.pl/7393/lampa-sufitowa-art-deco-mosiezna-elmont-w3.jpg;Klimatyczna odsłona oświetlenia w kolekcji ELMONT urzeka swoją wyszukaną formą oraz prostymi zdobieniami, które zostały ze sobą skomponowane tak, by zdobić, ale nie przerysować swoją dekoracyjnością kształtu lampy sufitowej. Wykonana ona została w całości z metalu w kolorze mosiądzu, który swoją ciepłą barwą podkreśla wyrafinowaną, aczkolwiek nieco klasyczną architektonikę lampy. Dwa okręgi u dołu i u góry oraz środkowa część są wsparciem dla pozostałych metalowych elementów tworzących bryłę lampy, natomiast wnętrze wypełnione jest trzema podstawami pod oprawy, na których nonszalancko umieszczone zostały żarówki przypominające swoim kształtem płomień świecy. Całość podtrzymywana jest przez ciekawy uchwyt, na końcu którego znajduje się mosiężny pierścień z ozdobną kulą. Zamocowany został do niego klasyczny łańcuch z podsufitką w kolorze lampy.;639;Kolor lampy:mosiądz:1:2,Materiał lampy:metal:1:2,Kolor kabla/łańcucha:metal:1:2
5; LAMPA SUFITOWA ART DECO CHROMOWANA BRONX W3 ;899;ŻYRANDOLE/ŻYRANDOLE NOWOCZESNE,Home;https://luminadeco.pl/7377/lampa-sufitowa-art-deco-chromowana-bronx-w3.jpg;Kolekcja BRONX zasługuje na uwagę przede wszystkim za sprawą swojego wyszukanego, a zarazem pełnego prostoty kształtu. Jego oryginalność polega na ciekawej konstrukcji złożonej z niewielu fragmentów oraz zastosowanej dekoracyjnej kuli w górnej jej części. Lampa sufitowa wykonana została w większości z metalu o barwie eleganckiego chromu, natomiast podkreśleniem surowości metalu, będącym jednocześnie mocno kontrastowym elementem są trzy szklane klosze tuby wykonane na bazie połączonych ze sobą dwóch brył – wewnętrznej mlecznobiałej oraz zewnętrznej przezroczystej. Klosze osadzone są na maleńkich ramionach, które stanowią cienkie, krótkie rurki, przymocowane z jednej strony do opraw pod żarówki, a z drugiej do poprzecznej metalowej belki, tworzącą część bazową lampy. Z jej środka odchodzą dwa płaskie elementy tworzące boki konstrukcji, na których opiera się prostokątna podsufitka. Pomiędzy tymi elementami znajduje się metalowy okrąg, w którym umieszczono szklaną kulę genialnie wpisującą się w styl art deco.;835;Kolor lampy:chrom:1:2,Materiał lampy:szkło + metal:1:2,Kolor kabla/łańcucha:szkło + metal:1:2
6; NOWOCZESNA LAMPA WISZĄCA CHROMOWANA Z CZARNYMI ABAŻURAMI MONTERO ;1499;ŻYRANDOLE/ŻYRANDOLE NOWOCZESNE,Home;https://luminadeco.pl/6482/nowoczesna-lampa-wiszaca-chromowana-z-czarnymi-abazurami-montero.jpg;Seria MONTERO pozwala na ożywienie wnętrza ciekawą, metalową instalacją, która jest bazą dla czterech źródeł światła. Abażury kryją w sobie gwint rodzaju E14, gdzie zamontować można żarówkę do mocy 40W, a wykonane zostały z czarnej, solidnej tkaniny, osłaniającej ich stelaż. Pod abażurami wkomponowane zostały, jako element oprawy, wysokogatunkowe kryształy o ciekawym, nieregularnym kształcie, które dodają klasycznej nuty w nowoczesnej kompozycji.;707;Kolor lampy:czarny + chrom:1:2,Materiał lampy:metal + kryształ + szkło + tkanina:1:2,Kolor kabla/łańcucha:metal + kryształ + szkło + tkanina:1:2
7; NOWOCZESNA LAMPA WISZĄCA REDFORD W6 ;1599;ŻYRANDOLE/ŻYRANDOLE NOWOCZESNE,Home;https://luminadeco.pl/4771/nowoczesna-lampa-wiszaca-redford-w6.jpg;Mistyczna forma czy jednak arcynowoczesna konstrukcja? A może po prostu uwspółcześniona wersja klasycznych, nowojorskich żyrandoli? Kolekcję REDFORD wyróżnia nieoczywista stylistyka, która potrafi nadać wnętrzom wyrazistego charakteru i wzmocnić ich wizerunek. Model budowany przez sześć czarnych kloszy ustawionych na kutej, metalowej podstawie jest efektowny także za sprawą dużego rozmiaru. Rewelacyjnie skomponuje się z nowoczesnymi, minimalistycznymi aranżacjami przestronnych salonów oraz ciekawie skontrastuje się z jasnym otoczeniem dużych lokali komercyjnych.;360;Kolor lampy:chrom + czarny:1:2,Materiał lampy:szkło + metal + tkanina:1:2,Kolor kabla/łańcucha:szkło + metal + tkanina:1:2
8; KLASYCZNY ŻYRANDOL KRYSZTAŁOWY CHROMOWANY DOMINNI W6 ;1699;ŻYRANDOLE/ŻYRANDOLE KLASYCZNE,Home;https://luminadeco.pl/6594/klasyczny-zyrandol-krysztalowy-srebrny-dominni-w6.jpg;Seria DOMINNI to oświetlenie perfekcyjnie wpasowujące się w klimatyczne, wytworne wnętrza, dla których charakterystyczny jest przepych i luksus. Klasyczny żyrandol kryształowy wykonany został z połączenia doskonałego gatunkowo metalu, szkła i kryształu. Każdy element żyrandola jest drobiazgowo zaprojektowany i wykonany, dzięki czemu efekt końcowy w postaci genialnej konstrukcji, na której umieszczono sześć źródeł światła, udekorowanych kryształowymi zdobieniami, będących biżuterią żyrandola, robi oszałamiające wrażenie.;128;Kolor lampy:srebrny + chrom:1:2,Materiał lampy:szkło + metal + kryształ:1:2,Kolor kabla/łańcucha:szkło + metal + kryształ:1:2
9; KLASYCZNY ŻYRANDOL KRYSZTAŁOWY CZARNO-ZŁOTY MAZINI D40 ;1299;ŻYRANDOLE/ŻYRANDOLE KLASYCZNE,Home;https://luminadeco.pl/8112/klasyczny-zyrandol-krysztalowy-czarno-zloty-mazini-d40.jpg;Tym, co wyróżnia kolekcję klasycznego oświetlenia MAZINI, jest jej nadzwyczaj elegancka i gustowna kolorystyka, stonowana i dopasowana do materiałów, z jakich powstały poszczególne części produktów. Luksus widoczny pod każdą postacią zaakcentowano dodatkowo wpleceniem kryształowych wisiorów unoszących się subtelnie u dołu bryły. Górna kondygnacja zaś to połączenie prostych metalowych rurek w kolorze mosiądzu, które oplata kawalkada czarnych osłon o oryginalnie ściętych krawędziach. Żyrandol zaprojektowano na solidnej, metalowej bazie, od góry widocznej jako skrzyżowanie szerokich ramion w środku okręgu. Z centralnej części wychodzi natomiast w pełni tradycyjny łańcuch w złotym kolorze dopasowany do podsufitki. W środku lampy umieszczono sześć źródeł światła, które swą mocą rozświetlą przestrzeń, nadając jej zmysłowego blasku, i oddających szczególnie klimatyczną poświatę kryształowych elementów.;432;Kolor lampy:złoty + czarny:1:2,Materiał lampy:kryształ + metal:1:2,Kolor kabla/łańcucha:kryształ + metal:1:2
10; KLASYCZNY ŻYRANDOL KRYSZTAŁOWY DANIELLA W8 ;2999;ŻYRANDOLE/ŻYRANDOLE KLASYCZNE,Home;https://luminadeco.pl/4011/klasyczny-zyrandol-krysztalowy-daniella-w8.jpg;Kolekcja DANIELLA hipnotyzuje wytwornością oraz wysokogatunkowymi, wykonanymi z dbałością i precyzją kryształami. Na metalowej konstrukcji lampy, stworzonej z cienkich ramion i okazałego trzonu, umieszczono osiem źródeł światła, które zapewniają doskonałe doświetlenie oraz tworzą romantyczny nastrój we wnętrzach. Widniejące u góry żyrandola ozdoby przypominają kształtem łabędzie szyje, które doskonale komponują się z reprezentacyjnym dołem żyrandola, skonstruowanym z licznych, kryształowych wisiorów.;566;Kolor lampy:przezroczysty:1:2,Materiał lampy:szkło + metal + kryształ:1:2,Kolor kabla/łańcucha:szkło + metal + kryształ:1:2
11; KLASYCZNY ŻYRANDOL KRYSZTAŁOWY VENISIA W6 ;1599;ŻYRANDOLE/ŻYRANDOLE KLASYCZNE,Home;https://luminadeco.pl/8429/klasyczny-zyrandol-krysztalowy-venisia-w6.jpg;Seria VENISIA to odświeżona wersja tradycyjnej stylistyki wykorzystywanej w oświetleniu domowym. Zmysłowe kryształy, przypominające kształtem łzy szczęścia, w połączeniu z najwyższej jakości chromowaną stalą wytworzą magiczną atmosferę w każdym pomieszczeniu. Sypialnia nabierze królewskiego wdzięku, salon rozświetli się niczym komnaty Wersalu, a pokój gościnny wypełni się przytulnym nastrojem. Żyrandol ten znajdzie swe miejsce w eleganckich i gustownych sypialniach, efektownych i klasycznych salonach, a także wyrafinowanych pokojach gościnnych. Sześć srebrnych abażurów efektywnie rozproszy światło, nadając pomieszczeniom ponadczasowego szyku i blasku.;366;Kolor lampy:chrom:1:2,Materiał lampy:metal + tkanina + kryształ:1:2,Kolor kabla/łańcucha:metal + tkanina + kryształ:1:2
12; KLASYCZNY ŻYRANDOL KRYSZTAŁOWY ZŁOTY FABIONE W6 ;1599;ŻYRANDOLE/ŻYRANDOLE KLASYCZNE,Home;https://luminadeco.pl/4144/klasyczny-zyrandol-krysztalowy-zloty-fabione-w6.jpg;Klienci doceniają serię FABIONE za jej wyrafinowaną stylistykę. Za sprawą zaledwie jednego żyrandolu rozjaśniają całą przestrzeń pomieszczenia, zyskując dla niego efektowną centralną dekorację, od której nie da się oderwać wzroku. Klasyka nigdy nie wychodzi z mody. Gustowne rozwiązania zawsze są na topie. Sekret żyrandola FABIONE tkwi w jego ponadczasowym designie, który swoim pięknem poraża każdego.;84;Kolor lampy:złoty:1:2,Materiał lampy:metal + tkanina + kryształ:1:2,Kolor kabla/łańcucha:metal + tkanina + kryształ:1:2
13; KLASYCZNY ŻYRANDOL KRYSZTAŁOWY ZŁOTY DOMINNI W6 ;1699;ŻYRANDOLE/ŻYRANDOLE KLASYCZNE,Home;https://luminadeco.pl/7576/klasyczny-zyrandol-krysztalowy-zloty-dominni-w6.jpg;Kolekcja DOMINNI charakteryzuje się klasycznymi formami i regularną paletą barw. Posiada on sześć autonomicznych źródeł światła, których moc maksymalna może zapewnić doskonałe doświetlenie pomieszczenia. Każdy z kloszy umieszczony jest na osobnym, cienkim ramieniu metalowej oprawy, która składa się w zdobną, symetryczną kompozycję. Klosze wykonane są z doskonałej jakości szkła, przyozdobione są kryształowymi wahadełkami, przypominającymi zdobną biżuterię.;579;Kolor lampy:złoty + kremowy:1:2,Materiał lampy:kryształ + szkło + metal:1:2,Kolor kabla/łańcucha:kryształ + szkło + metal:1:2
14; KLASYCZNY ŻYRANDOL KRYSZTAŁOWY FONTENEA W6 ;749;ŻYRANDOLE/ŻYRANDOLE KLASYCZNE,Home;https://luminadeco.pl/4149/klasyczny-zyrandol-krysztalowy-fontenea-w6.jpg;Kolekcja FONTENEA obejmuje oświetlenie wykonane z dbałością o szczegóły oraz nawiązujące do klasycznych elementów tradycyjnych żyrandolach. Metalowa oprawa składa się z sześciu ramion w kolorze chromu i srebra, które wychodząc z trzonu żyrandola, rozchodzą się w kierunku sześciu źródeł światła. Abażury wykonane są z pięknej tkaniny w kolorze srebra, dzięki której wnętrze nabiera blasku, elegancji i klasy. Wszystko to zdobią niesłychanej urody kryształowe wisiorki zakończone nierównomiernie ukształtowanymi, kryształowymi kulami.;419;Kolor lampy:chrom + srebrny:1:2,Materiał lampy:kryształ + metal + tkanina:1:2,Kolor kabla/łańcucha:kryształ + metal + tkanina:1:2
15; KLASYCZNY ŻYRANDOL KRYSZTAŁOWY BIAŁY FINEZZIA W6 ;1599;ŻYRANDOLE/ŻYRANDOLE KLASYCZNE,Home;https://luminadeco.pl/7578/klasyczny-zyrandol-krysztalowy-srebrny-finezzia-w6.jpg;Seria FINEZZIA powstała z umiłowania zachwycającego blasku, który powstaje przy rozszczepieniu światła przez kryształ oraz wzorcowego piękna polerowanej stali.Żyrandol ten będzie doskonałym wyborem do klasycznych, eleganckich salonów, gustownych i zachwycających sypialni oraz imponujących i nastrojowych aranżacji komercyjnych. Za jego sprawą każde pomieszczenie nabierze zmysłowego, klimatycznego charakteru pałacowego oraz rozjaśni się w nocy ciepłym światłem. Będzie przy tym za dnia efektowną ozdobą, która przyjemnie rozproszy dzienne światło tworząc zachwycającą iluminację.Wykonany jest z wysokiej jakości metalu, dodatkowo pokrytego chromem oraz efektownych i trwałych kryształów.;794;Kolor lampy:biały + chrom:1:2,Materiał lampy:tkanina + kryształ + metal:1:2,Kolor kabla/łańcucha:tkanina + kryształ + metal:1:2
16; NOWOCZESNA LAMPA WISZĄCA ZŁOTA FREDICA W7 ;1099;LAMPY WISZĄCE/LAMPY WISZĄCE,Home;https://luminadeco.pl/8196/nowoczesna-lampa-wiszaca-zlota-fredica-w7.jpg;Złota oprawa lampy wiszącej FREDICA W7 genialnie wpisuje się w klimat nowoczesnego, minimalistycznego wzornictwa, które uszlachetnia, tworząc oświetlenie wytworne i z klasą, a jednocześnie doskonale wpisujące się w modne obecnie aranżacje przestrzeni salonów, gabinetów i jadalni. Dużą cechą lampy jest siedem kloszy umieszczonych na poprzecznej belce, co pozwala na równomierne doświetlenie wnętrza.;219;Kolor lampy:złoty:1:2,Materiał lampy:szkło + metal:1:2,Kolor kabla/łańcucha:szkło + metal:1:2
17; NOWOCZESNA LAMPA WISZĄCA SKANDYNAWSKA BROSSO D30 CLEAR ;249;LAMPY WISZĄCE/LAMPY WISZĄCE,Home;https://luminadeco.pl/8692/nowoczesna-lampa-wiszaca-skandynawska-brosso-d30-clear.jpg;Nowoczesna lampa wisząca w stylu skandynawskim o wyokrąglonym, bardzo przyjemnym obłym kształcie. Wykonana z przezroczystego, wyprofilowanego szkła, w którym zawarto wyeksponowane miejsce na jeden wyrazisty punkt świetlny. Przymocowana do czarnego regulowanego kabelka - oświetli zarówno stół w poczekalni lub jadalni, jak i stworzy główne oświetlenie poprzez zawieszenie jej przy suficie.;591;Kolor lampy:przezroczysty:1:2,Materiał lampy:metal + szkło:1:2,Kolor kabla/łańcucha:metal + szkło:1:2
18; NOWOCZESNA LAMPA WISZĄCA ZŁOTA VERONI D30 ;399;LAMPY WISZĄCE/LAMPY WISZĄCE,Home;https://luminadeco.pl/3472/nowoczesna-lampa-wiszaca-zlota-veroni-d30.jpg;Model z naszej najnowszej kolekcji, który z miejsca stał się bestsellerem. Nowatorska propozycja wyróżniająca się kloszem w kształcie kuli, w połowie złotym, a w połowie przezroczystym. Polecamy ten model do nowoczesnych wnętrz, zwłaszcza kuchni i jadalni. Złota oprawa jako typowy must have nowoczesnego, pełnego szyku i innowacji wnętrza salonu czy jadalni, pokrywa lampę wiszącą VERONI D30 nadając jej wytworności, ale i modnej nonszalancji. Innowacyjne wnętrza lubią prostotę wymieszaną z ekskluzywnością i taka właśnie jest ta lampa – minimalistyczna, ale i pełna blasku i szyku.;868;Kolor lampy:złoty + przezroczysty:1:2,Materiał lampy:szkło + metal:1:2,Kolor kabla/łańcucha:szkło + metal:1:2
19; NOWOCZESNA LAMPA WISZĄCA DISPOSA CLEAR D50 ;1399;LAMPY WISZĄCE/LAMPY WISZĄCE,Home;https://luminadeco.pl/4909/nowoczesna-lampa-wiszaca-disposa-clear-d50.jpg;Inspiracja czystą, nieskazitelną wręcz formą kryształu doprowadziła do wyodrębnienia kolekcji DISPOSA — serii nowoczesnych lamp wiszących, stających się mocnym punktem minimalistycznych salonów, pokojów gościnnych czy nawet hotelowych sal balowych i restauracji. Mimo niepodważalnie wystawnego designu kryształowa lampa wisząca odpowiada konstrukcyjnie modernistycznym oprawom. Nienachalny, prosty kształt jedynie eksponuje skupisko foremnych diamentów. To one są tu najważniejsze. Po zapaleniu światła przeobrażają się w błyszczącą kulę, maksymalnie rozjaśniając wnętrze.;260;Kolor lampy:przezroczysty:1:2,Materiał lampy:szkło + metal + kryształ:1:2,Kolor kabla/łańcucha:szkło + metal + kryształ:1:2
20; NOWOCZESNA LAMPA WISZĄCA CZARNA MURANEO ;499;LAMPY WISZĄCE/LAMPY WISZĄCE,Home;https://luminadeco.pl/3577/nowoczesna-lampa-wiszaca-czarna-muraneo.jpg;Seria lamp MURANEO to efekt spotkania się uroczej subtelności z surowym minimalizmem. Potrójne połączenia podwyższają wartość produktów. Zestawienie w jednej lampie aż trzech różnych materiałów — szkła, metalu i delikatnej tkaniny — najpierw zaskakuje, potem zachwyca. Niemalże chropowata czerń kontrastuje z błyszczącym złotym wnętrzem klosza i jeszcze mocniej połyskującym srebrem uchwytu. To awangardowa propozycja, wyglądająca niczym żywo wyjęta z najbardziej ekskluzywnych salonów. Tylko dla osób niebojących się odważnych rozwiązań.;605;Kolor lampy:czarny:1:2,Materiał lampy:szkło + metal + tkanina:1:2,Kolor kabla/łańcucha:szkło + metal + tkanina:1:2
21; NOWOCZESNA LAMPA WISZĄCA BIAŁA LUDOR ;249;LAMPY WISZĄCE/LAMPY WISZĄCE,Home;https://luminadeco.pl/3602/nowoczesna-lampa-wiszaca-biala-ludor.jpg;Nowoczesna lampa wisząca o prostym, typowo skandynawskim designie. Zminimalizowana stylistyka umożliwia wykorzystanie we wnętrzach w stylu modernistycznym oraz minimalistycznym. Szczególnie dobrze odnajdzie się nad kuchennym stołem, w okolicach mebli wypoczynkowych bądź za barem w klimatycznym lokalu. Ciekawe połączenie naturalnego drewna z bielą wysokojakościowego metalu tworzy zgraną kompozycję.;686;Kolor lampy:biały:1:2,Materiał lampy:metal + drewno:1:2,Kolor kabla/łańcucha:metal + drewno:1:2
22; NOWOCZESNA LAMPA WISZĄCA CHROMOWANA STILIO D40 ;799;LAMPY WISZĄCE/LAMPY WISZĄCE,Home;https://luminadeco.pl/4279/nowoczesna-lampa-wiszaca-chromowana-stilio-d40.jpg;Seria STILIO jest prawdziwym objawieniem w naszym sklepie — linią najnowocześniejszych lamp wiszących do salonu, których dekoracyjność wyrażana jej poprzez typ konstrukcji, kolor i rozmiar. Umiejętnie wpadają w klimaty modern, a niektórym mogą się skojarzyć z ascetycznym wyglądem. Są proste, zimne i minimalistyczne, a jednak coś takiego w nich jest, że trudno oderwać od nich wzrok. Chromowana lampa wisząca D40 przeniesie swój spokój i nowoczesny look wprost do aranżacji, dbając tym samym o jej harmonijność i porządek. ;736;Kolor lampy:chrom:1:2,Materiał lampy:metal + szkło:1:2,Kolor kabla/łańcucha:metal + szkło:1:2
23; NOWOCZESNA LAMPA WISZĄCA MOSIĘŻNA ZODIAK W12 ;1299;LAMPY WISZĄCE/LAMPY WISZĄCE,Home;https://luminadeco.pl/7846/nowoczesna-lampa-wiszaca-mosiezna-zodiak-w12.jpg;Finezyjna architektonika oraz kolorystyczna elegancja stanowią główne aspekty kolekcji oświetlenia ZODIAK, które w swym asortymencie posiada lampy wiszące, cechujące się dużą ilością źródeł światła. Każda z dwunastu żarówek osłonięta jest kulistym, szklanym kloszem, pokrytym nonszalanckim dymionym szarym kolorem. Tworzy on półprzezroczystą powłokę, przez którą światło przenika w stonowany, wyciszony sposób, tworząc nastrojową poświatę odbijającą się od ścian pomieszczenia. Każdy z kloszy osadzony jest na szerokiej, solidnej metalowej podstawie, która łączy się z krótkim ramieniem. Ramiona zgrupowane zostały po cztery i osadzone na metalowej kuli przymocowanej do jednego z trzech długich ramion. W centralnym punkcie lampy połączone zostały za pomocą metalowej kostki, która łączy się bezpośrednio z podsufitką za pomocą regulowanej długości drążka.;342;Kolor lampy:mosiądz:1:2,Materiał lampy:szkło + metal:1:2,Kolor kabla/łańcucha:szkło + metal:1:2
24; NOWOCZESNA LAMPA SUFITOWA PLAFON MONARTE D48 ;499;LAMPY WISZĄCE/LAMPY SUFITOWE,Home;https://luminadeco.pl/7212/nowoczesna-lampa-sufitowa-plafon-monarte-d48.jpg;Kolekcja MONARTE uosabia produkty o najwyższej jakości i minimalistycznym podejściu do tworzenia przedmiotów użytkowych. Składa się przede wszystkim ze szklanego klosza, a jego uzupełnieniem są metalowe elementy konstrukcyjne, takie jak wnętrze klosza oraz jego podsufitka, przymocowana ściśle z jednej strony do lampy sufitowej, a z drugiej do sufitu. Nowoczesność projektu podkreślona została prostym, opływowym kształtem oraz nieskazitelną, matową bielą. Dekoracyjność lampy zamknięta została jedynie w żłobieniach w szklanym kloszu, które oplatają go dookoła, tworząc regularny wzór. Użyteczność plafonu ujawnia się w jego kształcie, który pozwala na utrzymanie lampy w nieskazitelnej czystości, dzięki łatwemu dostępowi do czyszczenia poszczególnych elementów, jak również w ilości światła, które oddaje aż pięć punktów umieszczonych wewnątrz klosza.;658;Kolor lampy:biały:1:2,Materiał lampy:szkło + metal:1:2,Kolor kabla/łańcucha:szkło + metal:1:2
25; NOWOCZESNA LAMPA SUFITOWA PLAFON MONARTE D28 ;219;LAMPY WISZĄCE/LAMPY SUFITOWE,Home;https://luminadeco.pl/7095/nowoczesna-lampa-sufitowa-plafon-monarte-d28.jpg;O kolekcji MONARTE należy powiedzieć przede wszystkim jedno – to oświetlenie, które charakteryzuje się wyjątkowo delikatnym projektem. Zarówno elementy plafonu, jak i jego dekoracje są niezwykle subtelne, co doskonale współgra z bielą całości. Lampa sufitowa składa się z okrągłej, metalowej podsufitki w kształcie dysku, do którego bezpośrednio przymocowano klosz w tym samym kształcie. Wykonany został ze szkła o białej, matowej barwie. Dekoracją klosza są linie, skośnie oplatające bryłę dookoła. Jego płaska postać oraz niewielkie rozmiary lampy są cechami, które sprawiają, że produkt idealnie wpasowuje się w nieduże gabarytowo wnętrza oraz niskie pomieszczenia – lampa nie wymaga bowiem dodatkowej przestrzeni pod sufitem.;101;Kolor lampy:biały:1:2,Materiał lampy:metal + szkło:1:2,Kolor kabla/łańcucha:metal + szkło:1:2
26; NOWOCZESNA LAMPA SUFITOWA PLAFON BIANTE D38 ;329;LAMPY WISZĄCE/LAMPY SUFITOWE,Home;https://luminadeco.pl/7112/nowoczesna-lampa-sufitowa-plafon-biante-d38.jpg;Serii BIANTE nie brakuje przede wszystkim delikatności i naturalności. Projekt lampy sufitowej zakłada gładką powierzchnię klosza, którego piękna, harmonijna mleczna biel oraz sporej wielkości gabaryty i stonowana, krągła bryła skupiają całą uwagę. Plafon posiada skromną podsufitkę w postaci białego, metalowego dysku, który montowany jest bezpośrednio do sufitu. Symetrycznie rozmieszczone trzy źródła światła w ergonomiczny sposób pozwalają rozjaśnić daną przestrzeń, zaś matowe wykończenie szklanego klosza nieco przytłumia jego moc, co w ostateczności prowadzi do stonowanej, nastrojowej propozycji oświetlenia wnętrza.;550;Kolor lampy:biały:1:2,Materiał lampy:metal + szkło:1:2,Kolor kabla/łańcucha:metal + szkło:1:2
27; NOWOCZESNA LAMPA SUFITOWA PLAFON BIANTE D28 ;199;LAMPY WISZĄCE/LAMPY SUFITOWE,Home;https://luminadeco.pl/7106/nowoczesna-lampa-sufitowa-plafon-biante-d28.jpg;Wśród różnorodnych projektów i pomysłów na oświetlenie, kolekcja BIANTE zajmuje szczególne miejsce, jako przedstawiciel produktów wyjątkowo skromnych, subtelnych, w minimalistycznym tonie. Lampy sufitowe tego typu to odpowiednie produkty do niskich pomieszczeń, w których sprawdzą się dodatki niezajmujące wiele miejsca, będące jednocześnie przemyślane pod względem projektu, funkcjonalności czy dekoracyjności. Plafon ostatecznie składa się z prawie niewidocznej, metalowej podsufitki, która skrywa się pod szklanym, białym kloszem w kształcie okręgu. Posiada on małe wgłębienie pośrodku, a pozostała jego powierzchnia przypomina wyglądem nieco spłaszczoną kulę, którą zdobi oryginalne matowe wykończenie.;536;Kolor lampy:biały:1:2,Materiał lampy:metal + szkło:1:2,Kolor kabla/łańcucha:metal + szkło:1:2
28; NOWOCZESNA LAMPA SUFITOWA PLAFON CHROMOWANY VERONI W5 ;799;LAMPY WISZĄCE/LAMPY SUFITOWE,Home;https://luminadeco.pl/7955/nowoczesna-lampa-sufitowa-plafon-chromowany-veroni-w5.jpg;Nowoczesny styl plafonu VERONI W5 idzie w parze z jej chłodną, chromowaną oprawą. Dodatkowo na uwagę zasługuje pięć kloszy, które swobodnie wtapiają się w kompozycję lampy, jednocześnie pełniąc rolę bardzo funkcjonalnego produktu, który jest w stanie doświetlić sporą przestrzeń innowacyjnie urządzonej jadalni, kuchni czy salonu.;317;Kolor lampy:chrom + przezroczysty:1:2,Materiał lampy:szkło + metal:1:2,Kolor kabla/łańcucha:szkło + metal:1:2
29; LAMPA SUFITOWA Z KRYSZTAŁAMI MAESTUS 600 ;899;LAMPY WISZĄCE/LAMPY SUFITOWE,Home;https://luminadeco.pl/7819/lampa-sufitowa-z-krysztalami-maestus-600.jpg;Nowoczesny styl plafonu VERONI W5 idzie w parze z jej chłodną, chromowaną oprawą. Dodatkowo na uwagę zasługuje pięć kloszy, które swobodnie wtapiają się w kompozycję lampy, jednocześnie pełniąc rolę bardzo funkcjonalnego produktu, który jest w stanie doświetlić sporą przestrzeń innowacyjnie urządzonej jadalni, kuchni czy salonu.;347;Kolor lampy:kremowy:1:2,Materiał lampy:metal + szkło + kryształ:1:2,Kolor kabla/łańcucha:metal + szkło + kryształ:1:2
30; NOWOCZESNA LAMPA SUFITOWA PLAFON ZŁOTY DEVOLI W7 ;999;LAMPY WISZĄCE/LAMPY SUFITOWE,Home;https://luminadeco.pl/8157/nowoczesna-lampa-sufitowa-plafon-zloty-devoli-w7.jpg;Seria plafonów DEVOLI pozwala osiągnąć kompromis pomiędzy nowoczesnością rozwiązań oraz elegancją kompozycji. Skromność i prostota dekoracji, którą serwuje styl nowoczesny nie wpływa na szykowną postać lampy sufitowej, do czego przyczynia się piękna, wytworna złota barwa pokrywająca całość metalowej konstrukcji. Składa się ona z dwóch półkul umieszczonych jedna pod drugą, z których pierwsza spełnia funkcję podsufitki, druga zaś jest miejscem stycznym wszystkich ramion plafonu. Każde z ramion zakończone jest ozdobą, metalową kulą w kolorze złota lub przezroczystą, szklaną kulą, czyli kloszem. Są one umieszczone w taki sposób, który pozwala dostrzec serce każdego źródła światła, czyli oprawy pod żarówkę. Otwarte u góry klosze pozwalają na szybszą wymianę żarówki, pełnią również rolę dekoracyjną.;709;Kolor lampy:złoty:1:2,Materiał lampy:szkło + metal:1:2,Kolor kabla/łańcucha:szkło + metal:1:2
31; NOWOCZESNA LAMPA SUFITOWA PLAFON MONARTE D38 ;379;LAMPY WISZĄCE/LAMPY SUFITOWE,Home;https://luminadeco.pl/7108/nowoczesna-lampa-sufitowa-plafon-monarte-d38.jpg;Seria MONARTE jest doskonałym przykładem minimalistycznych postaci lamp sufitowych, które nie tylko rozświetlą konkretną przestrzeń, ale także dodadzą jej uroku dzięki swoim stonowanym zdobieniom. Plafon składa się w przeważającej mierze z klosza, który pełni jednocześnie wszystkie funkcje – od praktycznej i użytecznej aż do dekoracyjnej. Żłobienia przechodzące przez szklany, matowy, biały klosz optycznie go powiększają i nadają mu innowacyjnego charakteru. Powyżej klosza przymocowana została metalowa, okrągła podsufitka, której zadaniem jest bezpiecznie umieścić plafon wysoko, aż pod samym sufitem. Zastosowanie aż trzech źródeł światła w lampie powoduje, że przestrzenie są dobrze oświetlone, a zarazem rozświetla je delikatny, nieco przytłumiony przez mlecznobiały kolor klosza, blask.;795;Kolor lampy:biały:1:2,Materiał lampy:metal + szkło:1:2,Kolor kabla/łańcucha:metal + szkło:1:2
32; LAMPA STOJĄCA PODŁOGOWA MOSIĘŻNA BERTINI ;849;LAMPY STOJĄCE,Home;https://luminadeco.pl/6989/lampa-stojaca-podlogowa-mosiezna-bertini.jpg;Kolekcja BERTINI ma do zaoferowania modele, które w swojej klasyce mają niesłychanie innowacyjne formy i zastosowane rozwiązania architektoniczne. Lampa podłogowa składa się z tradycyjnych elementów w postaci podstawy, ramienia oraz klosza. Prawie cała jej bryła powstała z metalu w subtelnie mieniącym się, ciepłym kolorze mosiądzu. Półokrągła, górna część lampy stojącej, zakrzywiona do dołu z metalową poprzeczką łączącą obie części łuku, przypomina oświetlenie ulic czy parków. Szlachetności oraz elegancji dodaje tutaj metalowo-szklany klosz w formie kuli.;523;Kolor lampy:mosiądz:1:2,Materiał lampy:szkło + metal:1:2,Kolor kabla/łańcucha:szkło + metal:1:2
33; LAMPA STOJĄCA PODŁOGOWA CZARNA AZURRO C1 ;549;LAMPY STOJĄCE,Home;https://luminadeco.pl/6051/lampa-stojaca-podlogowa-czarna-azurro-c1.jpg;Lampy podłogowe AZZURO to wyraz kultu piękna minimalistycznej prostoty. Zabawna forma wygiętego łuku jest zarazem dekoracyjny, jak i praktycznym detalem — zapewnia pełną regulację, pozwala kontrolować kąt padania światła, naświetlając konkretnie wyznaczoną przestrzeń w salonie, sypialni lub gabinecie. Świetnie sprawdzi się podczas pracy, nauki, a także... zwykłego popołudniowego relaksu. Tylko ona i ulubione gadżety — książki, czasopisma, krzyżówki i błogi odpoczynek w perfekcyjnie zaaranżowanym wnętrzu. ;852;Kolor lampy:czarny:1:2,Materiał lampy:metal + granit:1:2,Kolor kabla/łańcucha:metal + granit:1:2
34; LAMPA STOJĄCA PODŁOGOWA AZURRO C1 ;499;LAMPY STOJĄCE,Home;https://luminadeco.pl/6424/lampa-stojaca-podlogowa-azurro-c1.jpg;Kolekcja nowoczesnych lamp stojących AZURRO to nasz wyraz uznania dla wielostronności minimalizmu — praktycznego wzornictwa, uniwersalnych form i wytrzymałych materiałów. Model C1 jest elementem dopełniającym zróżnicowane wnętrza. Zadba o schludność biur i pracowni, tworząc warunki sprzyjające koncentracji i skupieniu, a także ciekawie zaaranżuje pokój młodzieżowy lub sypialnię, by uprzyjemniać chwile nauki i czytania książek. Zmieni swoje funkcje w zależności od nadanej mu roli. Wysoka funkcjonalność lampy stojącej wynika też z jakościowego wykonania i elastycznego zakresu regulacji.;30;Kolor lampy:srebrny:1:2,Materiał lampy:metal + granit:1:2,Kolor kabla/łańcucha:metal + granit:1:2
35; NOWOCZESNA LAMPA STOJĄCA PODŁOGOWA 3-RAMIENNA CHROMOWANA WALLSCOT ;649;LAMPY STOJĄCE,Home;https://luminadeco.pl/4975/nowoczesna-lampa-stojaca-podlogowa-3-ramienna-chromowana-wallscot.jpg;Seria lamp stojących podłogowych WALLSCOT charakteryzuje się prostotą kompozycji i szlachetnością surowców wykorzystanych do jej wykonania. Ponadczasowa bryła kloszy, ich szlachetny kolor chromu w głębokim połysku oraz ciekawe rozwiązanie w postaci długich ramion lampy tworzy mocny, choć nieprzesadny akcent dekoracyjny w postaci oświetlenia. Niezwykle wytrzymała granitowa podstawa łączy się tutaj z metalowymi elementami samej lampy. Posiada ona trzy punkty światła o gwincie E27 i maksymalnej mocy żarówki wynoszącej 40W.;540;Kolor lampy:chrom:1:2,Materiał lampy:metal + granit:1:2,Kolor kabla/łańcucha:metal + granit:1:2
36; LAMPA STOJĄCA PODŁOGOWA MOSIĘŻNA AZURRO B1 ;749;LAMPY STOJĄCE,Home;https://luminadeco.pl/7459/lampa-stojaca-podlogowa-mosiezna-azurro-b1.jpg;AZURRO to seria oświetlenia o szczególnym zamiłowaniu do prostoty kształtów, materiałów i zminimalizowania dodatków. Na kształt lampy stojącej składa się okrągła, solidna podstawa wykonana z ciemnego granitu, z której wydobywa się metalowe, mosiężne ramię. Jest ono charakterystyczne ze względu na swoje pokaźne wymiary – sięga aż na 160 cm długości, dzięki czemu pozwala uzyskać efekt, w którym niewielki klosz podświetla sporą przestrzeń w danym pomieszczeniu. Dodatkowym atutem jest możliwość regulacji ramienia, dostosowując zakres jego długości do aktualnych potrzeb czy możliwości wnętrza. Warto przyjrzeć się uważniej również kloszowi – wykonany został w całości z metalu o takim samym kolorze jak pozostałe części prezentowanej lampy podłogowej. Uniwersalny kształt półkuli przełamany został zdobieniami w górnej jego części pod postacią symetrycznie wykonanych otworów. Powstała dekoracja wpływa także na użyteczność lampy – oddaje ona dzięki temu więcej światła do otoczenia.;431;Kolor lampy:mosiądz:1:2,Materiał lampy:metal + granit:1:2,Kolor kabla/łańcucha:metal + granit:1:2
37; LAMPA STOJĄCA PODŁOGOWA MOSIĘŻNA AZURRO C1 ;599;LAMPY STOJĄCE,Home;https://luminadeco.pl/7299/lampa-stojaca-podlogowa-mosiezna-azurro-c1.jpg;Pełna pomysłu i elegancji kolekcja AZURRO ukazuje nowe podejście do projektowania lamp stojących. To co podkreślone jest tutaj najmocniej, to przekonanie, że oświetlenie powinno być funkcjonalne, ale również zachwycające pod względem wyglądu czy nowoczesnych rozwiązań. Wykonana praktycznie w całości z metalu w kolorze klimatycznego mosiądzu lampa posiada bardzo elegancki element wyróżniający się w całości konstrukcji. Jest nim granitowa podstawa, będąca solidnym zabezpieczeniem oraz efektownym elementem dekoracyjnym. Obok podstawy lampa dysponuje długim ramieniem, delikatnie wygiętym ku dołowi, które posiada regulację długości. Dzięki temu możliwe jest dopasowanie lampy pod własne potrzeby. Na końcu ramienia znajduje się oczywiście klosz – bardzo tradycyjny, kopułowy, wykonany również z metalu. Jego górną część zdobią niewielkie otwory, dzięki którym światło może wydostać się na zewnątrz i doświetlić większy obszar, niż tylko dolną część od spodu lampy.;515;Kolor lampy:mosiądz:1:2,Materiał lampy:metal + granit:1:2,Kolor kabla/łańcucha:metal + granit:1:2
38; NOWOCZESNA LAMPA STOJĄCA PODŁOGOWA ZŁOTA GALAKSIDA ;1499;LAMPY STOJĄCE,Home;https://luminadeco.pl/8490/nowoczesna-lampa-stojaca-podlogowa-zlota-galaksida.jpg;Pełna pomysłu i elegancji kolekcja AZURRO ukazuje nowe podejście do projektowania lamp stojących. To co podkreślone jest tutaj najmocniej, to przekonanie, że oświetlenie powinno być funkcjonalne, ale również zachwycające pod względem wyglądu czy nowoczesnych rozwiązań. Wykonana praktycznie w całości z metalu w kolorze klimatycznego mosiądzu lampa posiada bardzo elegancki element wyróżniający się w całości konstrukcji. Jest nim granitowa podstawa, będąca solidnym zabezpieczeniem oraz efektownym elementem dekoracyjnym. Obok podstawy lampa dysponuje długim ramieniem, delikatnie wygiętym ku dołowi, które posiada regulację długości. Dzięki temu możliwe jest dopasowanie lampy pod własne potrzeby. Na końcu ramienia znajduje się oczywiście klosz – bardzo tradycyjny, kopułowy, wykonany również z metalu. Jego górną część zdobią niewielkie otwory, dzięki którym światło może wydostać się na zewnątrz i doświetlić większy obszar, niż tylko dolną część od spodu lampy.;526;Kolor lampy:złoty + biały:1:2,Materiał lampy:metal + szkło:1:2,Kolor kabla/łańcucha:metal + szkło:1:2
39; NOWOCZESNA LAMPA STOJĄCA PODŁOGOWA 3-RAMIENNA BIAŁA WALLSCOT ;649;LAMPY STOJĄCE,Home;https://luminadeco.pl/6191/nowoczesna-lampa-stojaca-podlogowa-3-ramienna-biala-wallscot.jpg;WALLSCOT to kolekcja lamp o wyjątkowym charakterze, w którym ujawnia się pasja do prostoty, klasycznych kształtów i elegancji w aspekcie kolorów czy materiałów. Biel metalowych kloszy, połączona z ciemnym, granitowym fundamentem lampy, tworzy kontrast o innowacyjnym charakterze. Tym, co dodatkowo podkreśla wyjątkowość lampy, jest jej użyteczność – oświetla pomieszczenie przy pomocy trzech źródeł światła, a jej wysoka konstrukcja zapewnia maksymalne oświetlenie miejsca, w którym się znajduje. ;801;Kolor lampy:biały:1:2,Materiał lampy:metal + granit:1:2,Kolor kabla/łańcucha:metal + granit:1:2
40; KLASYCZNA LAMPA BANKIERSKA BIURKOWA ZIELONA BANKER CLASSIC ;279;LAMPY STOŁOWE/LAMPY BIURKOWE,Home;https://luminadeco.pl/2356/klasyczna-lampa-bankierska-biurkowa-zielona-banker-classic.jpg;Klasyka gatunku - elegancja i styl prosto z XXw. Nieodłączne uzupełnienie każdego profesjonalnego biura, stylowego gabinetu przywodzącego na myśl te znane z amerykańskich filmów ostatnich dekad. Wyposażona w funkcjonalny włącznik na metalowym łańcuszku, gwarantujący wygodną i naturalną obsługę. Wykonany jest z wysokiej jakości metalu w kolorze mosiądzu oraz szklanego klosza w zielonym kolorze.;99;Kolor lampy:zielony + mosiądz:1:2,Materiał lampy:metal:1:2,Kolor kabla/łańcucha:metal:1:2
41; KLASYCZNA LAMPA BANKIERSKA BIURKOWA BIAŁA BANKER CLASSIC ;279;LAMPY STOŁOWE/LAMPY BIURKOWE,Home;https://luminadeco.pl/2243/lampa-bankierska-biurkowa-stolowa-biala-banker.jpg;Klasyka i profesjonalizm — elegancka lampa bankierska biurowa stylizowana na oprawy z XX w. Niezbędny dodatek dla każdego biura, gabinetu i kancelarii prawniczej, nadający aranżacjom niesamowitego szyku. Kultowy design o szklanym kloszu, podtrzymywanym przez metalową podstawę w kolorze szlachetnego mosiądzu. Metalowy łańcuszek w roli praktycznego włącznika zapewnia prostą i wygodną obsługę.;412;Kolor lampy:biały + mosiądz:1:2,Materiał lampy:metal:1:2,Kolor kabla/łańcucha:metal:1:2
42; KLASYCZNA LAMPA BANKIERSKA BIURKOWA CZARNA BANKER CLASSIC ;299;LAMPY STOŁOWE/LAMPY BIURKOWE,Home;https://luminadeco.pl/8107/klasyczna-lampa-bankierska-biurkowa-czarna-banker-classic.jpg;Czarna lampa bankierska pozwoli stworzyć z gabinetu luksusową pracownię rodem z filmów z XX w. Stanie się praktyczną ozdobą domowego biura, hotelowej recepcji i eleganckiej kancelarii prawniczej. Wysokiej funkcjonalności nadaje jej włącznik na delikatnym łańcuszku oraz prosty klosz o regulowanym kącie nachylenia. Stylową konstrukcję tworzy wysokogatunkowy metal, zwieńczony czarną szklaną oprawą.;821;Kolor lampy:czarny + chrom:1:2,Materiał lampy:metal + szkło:1:2,Kolor kabla/łańcucha:metal + szkło:1:2
43; KLASYCZNA LAMPA BANKIERSKA BIURKOWA BIAŁA BANKER CLASSIC ;299;LAMPY STOŁOWE/LAMPY BIURKOWE,Home;https://luminadeco.pl/8284/klasyczna-lampa-bankierska-biurkowa-biala-banker-classic.jpg;Jaka jest lampa bankierska BANKER CLASSIC? Niebywale klasyczna, a przy tym wytworna i zaprojektowana po ty, by uświetnić przestrzeń, w jakiej się znajduje oraz być w pełni użytkowym produktem w gabinecie, sypialni czy wydzielonym miejscu do pracy w pokoju dziennym. Biała oprawa doskonale współgra z chromowanymi dodatkami, tworząc przykład oświetlenia subtelnego, a jednocześnie mocnego w wyrazie.;605;Kolor lampy:biały + chrom:1:2,Materiał lampy:metal + szkło:1:2,Kolor kabla/łańcucha:metal + szkło:1:2
44; LAMPA BIURKOWA MOSIĘŻNA CANDINO ;449;LAMPY STOŁOWE/LAMPY BIURKOWE,Home;https://luminadeco.pl/8108/lampa-biurkowa-mosiezna-candino.jpg;Kolekcja lamp biurowych CANDINO jest synonimem elegancji i klasyki wystroju, która wkomponowując się we wnętrze podkreśla i współtworzy jego majestatyczny wystrój. Produkty tej linii stworzone zostały w całości z wysokojakościowego metalu, co stanowi o trwałości i solidności lampy. Składa się ona z dwóch, połączonych drążków oraz masywnej podstawy, do której bezpośrednio przymocowano jedno z ramion. Zostało na nim osadzone drugi, ruchomy wysięgnik, posiadający na końcu klosz w postaci metalowej kopuły. Wnętrze niewielkiego klosza pokrywa biel, co pozwala na zintensyfikowanie światła padającego z lampy i lepsze doświetlenie miejsca pracy czy nauki. Lampka biurkowa udekorowana została licznymi detalami o klasycznym anturażu i są nimi łączenia poszczególnych elementów, zakończenia ramion, zdobienia uchwytu czy podstawy.;799;Kolor lampy:mosiądz:1:2,Materiał lampy:metal:1:2,Kolor kabla/łańcucha:metal:1:2
45; LAMPA BIURKOWA MOSIĘŻNA ROLF ;249;LAMPY STOŁOWE/LAMPY BIURKOWE,Home;https://luminadeco.pl/6536/lampa-biurkowa-mosiezna-rolf.jpg;Seria ROLF sprawdzi się wszędzie tam, gdzie istnieje potrzeba zastosowania dodatkowego źródła światła o wyjątkowym, wykwintnym charakterze. Lampa biurkowa powstała z połączenia półkolistego klosza przytwierdzonego do prostego, ruchomego ramienia oraz z podstawy i drugiego ramienia o ozdobnym charakterze. Wszystko wykonane jest z metalu o eleganckiej, mosiężnej barwie. Możliwość ustawienia lampki oraz jej wysokości jest regulowana, co zapewnia idealne dostosowanie do preferencji użytkownika.;541;Kolor lampy:mosiądz:1:2,Materiał lampy:metal:1:2,Kolor kabla/łańcucha:metal:1:2
46; LAMPA BIURKOWA MOSIĘŻNA BRITOS ;399;LAMPY STOŁOWE/LAMPY BIURKOWE,Home;https://luminadeco.pl/3080/lampa-biurkowa-mosiezna-britos.jpg;Seria BRITOS łączy w sobie propozycje pełne klasycznego piękna i elegancji z prostotą zdobień. Składająca się z dwóch ramion, klosza oraz podstawy lampa biurkowa, została zaprojektowana w całości z metalu w kolorze mosiądzu, który wpływa na jej ekskluzywny charakter. Ramię wychodzące bezpośrednio z subtelnie profilowanej podstawy jest nieco masywniejsze od drugiego, ruchomego ramienia przytwierdzonego do klosza w kształcie kopuły. Skrzyżowanie ramion oraz ich końce udekorowana jest prostymi, okrągłymi ozdobami.;633;Kolor lampy:mosiądz:1:2,Materiał lampy:metal:1:2,Kolor kabla/łańcucha:metal:1:2
47; LAMPA BIURKOWA GRAFITOWA RIGORRIA ;399;LAMPY STOŁOWE/LAMPY BIURKOWE,Home;https://luminadeco.pl/6501/lampa-biurkowa-grafitowa-rigorria.jpg;Lampy biurkowe z serii RIGORRIA wykonane są w całości z metalu. Zarówno klosz, ramiona lampy oraz jej podstawa powstały z wysokiej jakości materiału, co wpływa na ich trwałość i długą żywotność. Kształt klosza jest stosunkowo prosty i klasyczny, jednak temperamentu dodają mu małe otwory u góry lampy, które są zarazem rozwiązaniem funkcjonalnym i dekoracyjnym. Minimalizm podkreślony jest prostym, podwójnym ramieniem lampy oraz czernią całości, przeplatającą się z niewielkimi srebrnymi elementami.;455;Kolor lampy:grafitowy:1:2,Materiał lampy:metal:1:2,Kolor kabla/łańcucha:metal:1:2
48; LAMPA NOCNA CZARNA MURANEO ;499;LAMPY STOŁOWE/LAMPY NOCNE,Home;https://luminadeco.pl/7677/lampa-nocna-czarna-muraneo.jpg;Seria lamp nocnych MURANEO jest genialnym przykładem oświetlenia, które idealnie wkomponuje się w elegancką przestrzeń salonu, klimatyczną i nastrojową aranżację sypialni oraz stonowany, profesjonalny design gabinetu czy biura. Czarny, klasyczny abażur wykonany został z tkaniny, która wewnątrz zaskakuje bogactwem złotej barwy. Taki wybieg kolorystyczny idealnie komponuje się z delikatnością oraz fantazyjnością trzonu wykonanego z półprzezroczystego szkła o subtelnym, srebrnym zabarwieniu. Uzupełnieniem delikatności form i materiałów górnej i środkowej części lampy jest jej podstawa, która wykonana została z metalu w kształcie delikatnie wypukłego koła. Mocną stroną lampy nocnej jest jej wielkość, dzięki której produkt może pełnić wiele funkcji i dostosować się do przeróżnych wnętrz.;28;Kolor lampy:srebrny + czarny:1:2,Materiał lampy:szkło + metal + tkanina:1:2,Kolor kabla/łańcucha:szkło + metal + tkanina:1:2
49; GLAMOUR LAMPA NOCNA BIAŁO-ZŁOTA MONTERONI ;499;LAMPY STOŁOWE/LAMPY NOCNE,Home;https://luminadeco.pl/7745/glamour-lampa-nocna-bialo-zlota-benardi.jpg;Seria MONTERONI posiada wiele zalet, do których należą przede wszystkim wyrazistość kształtów, rzadko spotykana wielkość lampy oraz szczegół nadający lampie ekspresji, a jednocześnie estetycznego, nieco ekskluzywnego uroku. Mowa tutaj oczywiście o wypełnieniu wnętrza białego, materiałowego abażura złotą, połyskującą powierzchnią, która mieni się w blasku żarówki, umieszczonej wewnątrz lampy. Bazą, ale i najmocniejszą cechą tego modelu, jest trzon wykonany z metalowych okręgów tworzących porywającą instalację, o urzekającym i hipnotyzującym designie, sprawiającym, że całość oświetlenia prezentuje się dumnie i monumentalnie. Solidna podstawa w kształcie okrągłego dysku utrzymuje całość i nadaje jej stabilności. Warto dodać, że lampa posiada przezroczysty kabel, który w subtelny i nienarzucający sposób pozwala lampie pracować w każdym zakątku pomieszczenia.;238;Kolor lampy:złoty + biały:1:2,Materiał lampy:metal + tkanina:1:2,Kolor kabla/łańcucha:metal + tkanina:1:2
50; LAMPA NOCNA ZŁOTA VENEZIANA ;449;LAMPY STOŁOWE/LAMPY NOCNE,Home;https://luminadeco.pl/7683/lampa-nocna-zlota-veneziana.jpg;Kolekcja lampa VENIZIANA zachwyca dbałością projektu i imponującą kolorystyką. Kształt lampy przypomina tradycyjne oświetlenie, jednak użyte do jej wykonania materiały oraz charakterystyczne, szklane dekoracje umieszczone na ramieniu lampy, potęgują zachwyt nad całą konstrukcją. Na uwagę zasługuje również sporej wielkości złoty abażur pokryty połyskującą tkaniną oraz złota, metalowa podstawa, która współgra ze złotymi barwami abażura i trzonu ramienia. Prezentowana lampa nocna jest idealną propozycją do tworzenia klimatycznego, pełnego ciepła, ale i elegancji wnętrza.;666;Kolor lampy:złoty:1:2,Materiał lampy:metal + szkło + tkanina:1:2,Kolor kabla/łańcucha:metal + szkło + tkanina:1:2
51; LAMPA NOCNA ZŁOTA MURANEO ;499;LAMPY STOŁOWE/LAMPY NOCNE,Home;https://luminadeco.pl/7682/lampa-nocna-zlota-muraneo.jpg;Kolekcja MURANEO proponuje oświetlenie o atrakcyjnym, bogato zaprojektowanym wyglądzie, które jednocześnie, dzięki swoim okazałym wymiarom, będzie niebywale funkcjonalne i zapewni komfort użytkowania. Głównymi elementami lampy nocnej są abażur pokryty błyszczącą, złotą tkaniną subtelnie przepuszczającą światło padające z jej wnętrza, oraz szklany, nieoczywistej budowy, nieco fikuśny trzon, na którym osadzony został abażur. W jego wnętrzu umieszczono przezroczysty kabel, którego projektant celowo szczelnie nie ukrył, pozostawiając go subtelnie wyeksponowanego, co sprawia, że lampa pomimo swojej wytworności pozostaje surowa i nabiera innowacyjnego charakteru. Ponad półmetrowa konstrukcja nocnej lampy ulokowana jest na metalowej, okrągłej podstawie o nieco wypukłym kształcie. Całość prezentuje się bogato i ekskluzywnie, co pozwala w widowiskowy sposób urozmaicić oświetleniem aranżację przestrzeni.;681;Kolor lampy:złoty:1:2,Materiał lampy:metal + tkanina + szkło:1:2,Kolor kabla/łańcucha:metal + tkanina + szkło:1:2
52; LAMPA NOCNA SREBRNA VENEZIANA ;449;LAMPY STOŁOWE/LAMPY NOCNE,Home;https://luminadeco.pl/7685/lampa-nocna-srebrna-veneziana.jpg;Każda lampa nocna z serii VENEZIANA olśniewa zjawiskowym doborem kolorystycznym wspieranym przez dekoracyjny kształt całości. Miłośników pięknych, dopracowanych detali w nowoczesnych wnętrzach z pewnością zachwyci połyskująca tkanina w kolorze srebrna naciągnięta na konstrukcję stożkowego abażuru. Metalowy rdzeń lampy został udekorowany płaskimi, szklanymi bryłami, które podświetlone światłem lampy tworzą zachwycający efekt dekoracyjny. Podstawą lampy jest okrągły, metalowy element, zapewniający stabilność całej konstrukcji.;682;Kolor lampy:srebrny + chrom:1:2,Materiał lampy:tkanina + szkło + metal:1:2,Kolor kabla/łańcucha:tkanina + szkło + metal:1:2
53; GLAMOUR LAMPA NOCNA CZARNO-ZŁOTA MONTERONI ;499;LAMPY STOŁOWE/LAMPY NOCNE,Home;https://luminadeco.pl/7759/glamour-lampa-nocna-czarno-zlota-monteroni.jpg;Lampy nocne wykonane w ramach kolekcji MONTERONI to niezwykłe modele oświetlenia, które potrafią zachwycić każdego, zwłaszcza miłośnika piękna oraz przepychu widocznego w dekoracjach produktów użytkowych. Lampa nocna skomponowana została jedynie z abażura, podstawy oraz trzonu, ale to właśnie ten ostatni element zapewnia jej wyjątkowość. Zamiast prostego ramienia podtrzymującego konstrukcję abażura, umieszczonego na skromnej podstawie, mamy tutaj do czynienia z niebanalną ozdobą, która staje się częścią składową trzonu, tworząc masywną i designerską dekorację. Metalowa spirala, bo o niej mowa, stworzona jest z zamkniętych okręgów, z których każdy jest mniejszy od poprzedniego i otulona została obszerniejszą rurką, będącą łącznikiem między dołem, a górą lampy. Złoto pokrywające całą metalową konstrukcję nadaje lampie ciepły, przytulny ton i idealnie prezentuje się na tle prostego, czarnego abażura wykonanego z tkaniny podszytej złotą podszewką.;471;Kolor lampy:złoty + czarny:1:2,Materiał lampy:metal + tkanina:1:2,Kolor kabla/łańcucha:metal + tkanina:1:2
54; LAMPA NOCNA CZARNA VENEZIANA ;449;LAMPY STOŁOWE/LAMPY NOCNE,Home;https://luminadeco.pl/7687/lampa-nocna-czarna-veneziana.jpg;W serii VENEZIANA najbardziej zachwyca forma proponowanego oświetlenia. Sporą część całości zajmuje tutaj abażur, który wykonany został z czarnej, nieprzezroczystej tkaniny, prezentującej się wyjątkowo nobliwie w połączeniu z pozostałymi elementami lampy. Dolna część to trzon, który powstał z umieszczenia różnej wielkości szklanych brył na metalowym rdzeniu. Po włączeniu lampy staje się on elementem dekoracyjnym lampy, gdyż tworzy ciekawy efekt świetlny. Lampa zakończona jest u dołu okrągła, metalową podstawą.;852;Kolor lampy:czarny:1:2,Materiał lampy:metal + szkło + tkanina:1:2,Kolor kabla/łańcucha:metal + szkło + tkanina:1:2
55; LAMPA BIURKOWA MARTINES ;249;LAMPY STOŁOWE/LAMPY NOCNE,Home;https://luminadeco.pl/6514/lampa-biurkowa-martines.jpg;Seria MARTINES przyciąga uwagę niespotykanymi wcześniej pomysłami na oświetlenie, zmieniając jednocześnie postrzeganie go wyłącznie w charakterze funkcjonalności. Lampa biurkowa intryguje swoją opływową bryłą, składającą się z licznych, czarnych pręcików okalających trzon lampy. W jej stożkowym wnętrzu znajduje się źródło światła, które ciekawie doświetla wnętrze zarówno z boków, jak i od góry. Chromowana obręcz u góry wspólnie z chromowaną podstawą uzupełniają efekt o kontrastujące ze sobą barwy.;744;Kolor lampy:czarny + chrom:1:2,Materiał lampy:szkło + metal:1:2,Kolor kabla/łańcucha:szkło + metal:1:2
56; LAMPA ŚCIENNA KINKIET LOFTOWY CZARNY GUBI W2 ;299;LAMPY ŚCIENNE,Home;https://luminadeco.pl/2683/lampa-scienna-kinkiet-loftowy-czarny-gubi-w2.jpg;Czy kinkiet, który wygląda tak minimalistycznie, różni się czymś od innych loftowych lamp ściennych? Tak, robi to za sprawą uchwytu — maksymalnie wydłużonej rękojeści, załamującej się w połowie. Dłuższy uchwyt to większa kontrola nad światłem. Manewruje się nim łatwiej niż lampką biurową — samodzielnie określając dokładny kąt padania światła, rozjaśniając biurko do pracy czy strefę sypialnianą.;889;Kolor lampy:czarny:1:2,Materiał lampy:metal:1:2,Kolor kabla/łańcucha:metal:1:2
57; LAMPA ŚCIENNA KINKIET LOFTOWY CZARNY RUBI W2 ;319;LAMPY ŚCIENNE,Home;https://luminadeco.pl/2691/lampa-scienna-kinkiet-loftowy-czarny-rubi-w2.jpg;Design czarnego kinkietu RUBI W2 łączy w sobie dwa przeciwstawne nurty — surowość nowoczesności i dekoracyjność elegancji. Metaliczna czerń klosza i uchwytu są śmiałym nawiązaniem do męskiej stylistyki. Nadadzą profesjonalnego charakteru gabinetom, pracowniom i biurom, ale również zrównoważą wizerunek wystawnego salonu. Pole zastosowań nigdy się nie kończy — ograniczenia są wyłącznie w głowie.;448;Kolor lampy:czarny:1:2,Materiał lampy:metal:1:2,Kolor kabla/łańcucha:metal:1:2
58; LAMPA ŚCIENNA KINKIET KRYSZTAŁOWY CZARNO-ZŁOTY MAZINI W2 ;549;LAMPY ŚCIENNE,Home;https://luminadeco.pl/8124/lampa-scienna-kinkiet-krysztalowy-bianca-w2.jpg;Bazując na stylu glamour, kolekcja MAZINI pozwala stworzyć funkcjonalny produkt o zachwycającym projekcie, którego bogactwo i kurtuazja pozwalają na wykreowanie luksusowego wystroju, pełnego elegancji i wyrafinowania. Lampa ścienna składa się z bazy, na której oparcie znalazły poszczególne elementy tworzące niejako jej klosz. Podzielony on został na górną i dolną część. Obie są zjawiskowe i niepowtarzalne, ale każda inna i w odmiennym tonie. Dół przyciąga wzrok przepychem związanym z bogactwem kryształowych detali, pięknie mieniących się w świetle lampy, pozwalających określić lampę mianem dobra luksusowego. Górna część to stonowana elegancja i nobliwość wynikająca z połączenia złotych i czarnych elementów okalających kinkiet dookoła. Z kolei ważny, użytkowy charakter lampy podkreślony został umieszczeniem w jej środku aż dwóch źródeł światła, pozwalających na rozświetlenie wnętrza większą ilości blasku.;160;Kolor lampy:czarny + złoty:1:2,Materiał lampy:metal + kryształ:1:2,Kolor kabla/łańcucha:metal + kryształ:1:2
59; LAMPA ŚCIENNA KINKIET NOWOCZESNY CHROMOWANY VERONI ;199;LAMPY ŚCIENNE,Home;https://luminadeco.pl/6786/lampa-scienna-kinkiet-nowoczesny-chromowany-veroni.jpg;Lampa ścienna VERONI jest to produkt, który genialnie sprawdzi się jako dodatkowe podświetlenie przestrzeni kuchni, jadalni, a nawet łazienki. Jej surowy, wyważony projekt oraz chromowana oprawa dodadzą wnętrzu blasku i stonowanej elegancji, natomiast charakterystyczna dla nowoczesnego stylu bryła lampy będzie designerskim dodatkiem do wystroju.;853;Kolor lampy:chrom:1:2,Materiał lampy:metal + szkło:1:2,Kolor kabla/łańcucha:metal + szkło:1:2
60; LAMPA ŚCIENNA KINKIET LOFTOWY CZARNY ZODIAK W2 ;299;LAMPY ŚCIENNE,Home;https://luminadeco.pl/7154/lampa-scienna-kinkiet-loftowy-czarny-zodiak-w2.jpg;Kolekcja ZODIAK oferuje produkty o szerokim przeznaczeniu, dzięki możliwości zastosowania dowolnych ustawień podczas montażu, gwarantując oświetlenie o sporym potencjale do metamorfoz. Minimalizm oraz mocno zaakcentowane industrialne cechy, jak również fakt, że może on występować w pionie oraz w poziomie, tworzy bazę pod ciekawe aranżacje wnętrz urządzonych w klimacie przemysłowym. Surowo zaprojektowane przestrzenie kochają kinkiety tego typu – stonowany projekt ramy z dwóch skrzyżowanych ramion, kuli, skrywającej ich połączenie, okrągłej podsufitki oraz dwóch tradycyjnych okrągłych kloszy, które dzięki swojej interesującej barwie wpisują się w loftowy klimat utrzymany w pozostałych elementach produktu.;16;Kolor lampy:czarny:1:2,Materiał lampy:szkło + metal:1:2,Kolor kabla/łańcucha:szkło + metal:1:2
61; LAMPA ŚCIENNA KINKIET NOWOCZESNY ZŁOTY VERONI ;199;LAMPY ŚCIENNE,Home;https://luminadeco.pl/6784/lampa-scienna-kinkiet-nowoczesny-zloty-veroni.jpg;Złota oprawa lampy ściennej VERONI to doskonałe rozwiązanie dla wszystkich, którzy cenią sobie we wnętrzu salonu czy sypialni spokój, harmonię oraz nastrojową aurę w eleganckiej odsłonie. Detale oświetlenia nadają mu wyrazistego, nowoczesnego stylu, przesądzając o jego zastosowaniu we współczesnych, modnie urządzonych wnętrzach.;690;Kolor lampy:złoty:1:2,Materiał lampy:metal + szkło:1:2,Kolor kabla/łańcucha:metal + szkło:1:2
62; LAMPA ŚCIENNA KINKIET LOFT CZARNO-MOSIĘŻNA BONTON W1 ;349;LAMPY ŚCIENNE,Home;https://luminadeco.pl/6013/lampa-scienna-kinkiet-loft-czarno-mosiezna-bonton-w1.jpg;Seria BONTON to lampy o wyjątkowym charakterze, łączące prosty projekt o charakterystycznych szczegółach, tworzących osobliwy model oświetlenia. Kinkiet ten jest produktem wykonanym z wysokiej klasy materiałów, w wyjątkowo szykownym, czarno-mosiężnym kolorze. Na metalową kompozycję lampy składają się mosiężna, okrągła podsufitka oraz podstawa pod klosz w tym kolorze, a także czarne ramię, które zostało ozdobnie wygięte i przedłużone na ponad połowę wysokości klosza. Szklana osłona źródła światła delikatnie roznosi światło w pomieszczeniu, generując klimatyczny blask.;135;Kolor lampy:mosiądz + czarny:1:2,Materiał lampy:metal + szkło:1:2,Kolor kabla/łańcucha:metal + szkło:1:2
63; LAMPA ŚCIENNA KINKIET LOFTOWY CZARNY GUBI W1 ;219;LAMPY ŚCIENNE,Home;https://luminadeco.pl/2679/lampa-scienna-kinkiet-loftowy-czarny-gubi-w1.jpg;Wielowymiarowość loftowego kinkietu GUBI wynika z jego nieoczywistego designu. Przy pierwszym spojrzeniu surowość bryły przywodzi na myśl nowoczesne aranżacje, ale już po chwili ukazuje swoje drugie oblicze. Intrygująca forma i rasowe wykończenie są mocnym nawiązaniem do stylistyki vintage i retro. Loftowy kinkiet GUBI potrafi się zmieniać zależnie od tego, gdzie zostanie umieszczony.;245;Kolor lampy:czarny:1:2,Materiał lampy:metal:1:2,Kolor kabla/łańcucha:metal:1:2
64; LAMPA ŚCIENNA KINKIET LOFTOWY CZARNY GUBI W2 ;299;LOFTY,Home;https://luminadeco.pl/2683/lampa-scienna-kinkiet-loftowy-czarny-gubi-w2.jpg;Czy kinkiet, który wygląda tak minimalistycznie, różni się czymś od innych loftowych lamp ściennych? Tak, robi to za sprawą uchwytu — maksymalnie wydłużonej rękojeści, załamującej się w połowie. Dłuższy uchwyt to większa kontrola nad światłem. Manewruje się nim łatwiej niż lampką biurową — samodzielnie określając dokładny kąt padania światła, rozjaśniając biurko do pracy czy strefę sypialnianą.;617;Kolor lampy:czarny:1:2,Materiał lampy:metal:1:2,Kolor kabla/łańcucha:metal:1:2
65; LAMPA ŚCIENNA KINKIET LOFTOWY CZARNY RUBI W2 ;319;LOFTY,Home;https://luminadeco.pl/2691/lampa-scienna-kinkiet-loftowy-czarny-rubi-w2.jpg;Design czarnego kinkietu RUBI W2 łączy w sobie dwa przeciwstawne nurty — surowość nowoczesności i dekoracyjność elegancji. Metaliczna czerń klosza i uchwytu są śmiałym nawiązaniem do męskiej stylistyki. Nadadzą profesjonalnego charakteru gabinetom, pracowniom i biurom, ale również zrównoważą wizerunek wystawnego salonu. Pole zastosowań nigdy się nie kończy — ograniczenia są wyłącznie w głowie.;191;Kolor lampy:czarny:1:2,Materiał lampy:metal:1:2,Kolor kabla/łańcucha:metal:1:2
66; NOWOCZESNA LAMPA WISZĄCA MOSIĘŻNA ZODIAK W12 ;1299;LOFTY,Home;https://luminadeco.pl/7846/nowoczesna-lampa-wiszaca-mosiezna-zodiak-w12.jpg;Finezyjna architektonika oraz kolorystyczna elegancja stanowią główne aspekty kolekcji oświetlenia ZODIAK, które w swym asortymencie posiada lampy wiszące, cechujące się dużą ilością źródeł światła. Każda z dwunastu żarówek osłonięta jest kulistym, szklanym kloszem, pokrytym nonszalanckim dymionym szarym kolorem. Tworzy on półprzezroczystą powłokę, przez którą światło przenika w stonowany, wyciszony sposób, tworząc nastrojową poświatę odbijającą się od ścian pomieszczenia. Każdy z kloszy osadzony jest na szerokiej, solidnej metalowej podstawie, która łączy się z krótkim ramieniem. Ramiona zgrupowane zostały po cztery i osadzone na metalowej kuli przymocowanej do jednego z trzech długich ramion. W centralnym punkcie lampy połączone zostały za pomocą metalowej kostki, która łączy się bezpośrednio z podsufitką za pomocą regulowanej długości drążka.;727;Kolor lampy:mosiądz:1:2,Materiał lampy:szkło + metal:1:2,Kolor kabla/łańcucha:szkło + metal:1:2
67; LAMPA WISZĄCA LOFT DYMIONA GATO ;239;LOFTY,Home;https://luminadeco.pl/6679/lampa-wiszaca-loft-dymiona-gato.jpg;Powiew nowoczesności w lampie wiszącej GATO osadzony został na fundamencie niezwykle modnego obecnie stylu loft. Model ten wykonany powstał z połączenia szklanego klosza o ciekawej formie w szarej dymionej oprawie oraz pasujących kolorystycznie dodatków. Jego harmonijny projekt zaciekawi bywalców restauracji i barów, choć oświetlenie równie dobrze wyglądać będzie w zaciszu domowej jadalni.;234;Kolor lampy:dymiony szary:1:2,Materiał lampy:szkło + metal:1:2,Kolor kabla/łańcucha:szkło + metal:1:2
68; NOWOCZESNA LAMPA WISZĄCA LOFT BRUTTE ;749;LOFTY,Home;https://luminadeco.pl/2212/nowoczesna-lampa-wiszaca-loft-brutte.jpg;BRUTTE to kolekcja designerskich lamp wiszących, których nieoczywisty design jest efektem pomieszania zróżnicowanych stylistyk — industrialnej, nowoczesnej i loft. Niepowtarzalny kształt czarnej klatki efektownie udekoruje wnętrze, a występujące w nim duże otwory pozwolą światłu swobodnie przenikać do wszystkich części pokoju. Nie bez powodu lampa wisząca loft ma regulowaną wysokość. Największe wrażenie robi wtedy, gdy zostaje umieszczona nieco niżej niż standardowo.;668;Kolor lampy:czarny:1:2,Materiał lampy:szkło + metal:1:2,Kolor kabla/łańcucha:szkło + metal:1:2
69; LAMPA WISZĄCA LOFT INDUSTRIALNA CZARNA BARLET ;229;LOFTY,Home;https://luminadeco.pl/5667/lampa-wiszaca-loft-industrialna-czarna-barlet.jpg;Jeśli projektowanie nowoczesnych aranżacji - to tylko z serią BARLET. Proste i jednocześnie zwracające uwagę połączenia są jej najmocniejszym punktem. Matowa czerń metalu bawi się z delikatnym szkłem. Półokrągły szeroki klosz kontrastuje z cienkim i wąskim uchwytem. Lampa z serii BARLET została wręcz stworzona dla małych pomieszczeń. W mgnieniu oka staje się głównym punktem dekoracyjnym pokoju, a jednocześnie funkcjonalnie go uzupełnia — rozświetla otoczenie, które zdaje się znacznie większe.;414;Kolor lampy:czarny + bursztynowy:1:2,Materiał lampy:szkło + metal:1:2,Kolor kabla/łańcucha:szkło + metal:1:2
70; LAMPA WISZĄCA LOFT DYMIONA FLORI ;269;LOFTY,Home;https://luminadeco.pl/6682/lampa-wiszaca-loft-dymiona-flori.jpg;Zmysłowość i elegancja lampy wiszącej FLORI w zachwycający sposób ukazują nastrojowość stylu loft. Prążkowany klosz o dymionej szarej oprawie świetnie zespala się z czarnymi dodatkami, tworząc designerski model oświetlenia nie tylko do salonu czy sypialni, ale także do oryginalnie urządzonych lokali użytkowych.;534;Kolor lampy:dymiony szary:1:2,Materiał lampy:szkło + metal:1:2,Kolor kabla/łańcucha:szkło + metal:1:2
71; POTRÓJNA LAMPA WISZĄCA LOFT CZARNA FOGGI TRIO ;499;LOFTY,Home;https://luminadeco.pl/2622/potrojna-lampa-wiszaca-loft-czarna-foggi-trio.jpg;Zmysłowość i elegancja lampy wiszącej FLORI w zachwycający sposób ukazują nastrojowość stylu loft. Prążkowany klosz o dymionej szarej oprawie świetnie zespala się z czarnymi dodatkami, tworząc designerski model oświetlenia nie tylko do salonu czy sypialni, ale także do oryginalnie urządzonych lokali użytkowych.;878;Kolor lampy:czarny:1:2,Materiał lampy:aluminium:1:2,Kolor kabla/łańcucha:aluminium:1:2